sampler_label,aggregate_report_count,average,aggregate_report_min,aggregate_report_max,aggregate_report_stddev,aggregate_report_error%,aggregate_report_rate,aggregate_report_bandwidth,average_bytes
/qinweb/,2800,6,1,521,17.43113796968997,0.0,11.092755242317276,8.208313896251045,757.73
/qinweb/login.html,2800,47,8,1099,57.54630521925587,0.0,10.814401693226323,8.918094545872375,844.4414285714286
/qinweb/home.html,2800,17,3,528,31.0441658700363,0.0,10.60312868032703,8.744178929689896,844.4714285714285
/qinweb/consultar.html,2800,17,3,827,39.57117343909501,0.0,10.540660598257778,8.533097086072024,828.97
/qinweb/iniciar_busqueda.html,2800,18,4,567,31.772138481277416,0.0,10.697598007190313,10.48866054611238,1004.0
/qinweb/buscar.html,2800,25,4,1000,49.74918462950946,0.0,10.538716610146526,12.730440330162935,1236.96
/qinweb/alta_resolucion.html,2800,112,18,1601,119.6274486191934,0.0,10.267467529133938,13.176650174546948,1314.14
/qinweb/guardar_resolucion.html,2800,116,19,3525,136.66663010986528,0.0,10.216405357774867,13.081588258796142,1311.18
Total,22400,45,1,3525,83.89144060410842,0.0,73.65562051572087,73.20509894596834,1017.7366071428571
