sampler_label,aggregate_report_count,average,aggregate_report_min,aggregate_report_max,aggregate_report_stddev,aggregate_report_error%,aggregate_report_rate,aggregate_report_bandwidth,average_bytes
/qinweb/,3400,3,0,174,7.235187558995332,0.0,12.724789011770431,9.416219603192426,757.75
/qinweb/login.html,3400,21,7,219,16.473854295398535,0.0,12.434990600610046,10.25443842302375,844.435294117647
/qinweb/home.html,3400,8,2,167,11.760555411259915,0.0,12.245368369493185,10.098067617843663,844.435294117647
/qinweb/consultar.html,3400,7,2,131,10.938452712832152,0.0,12.434626778334492,10.055775815565227,828.1
/qinweb/iniciar_busqueda.html,3400,8,2,202,12.100325108589605,0.0,12.298120919465394,12.057923245257086,1004.0
/qinweb/buscar.html,3400,10,3,173,13.079118037284395,0.0,12.25945330049723,14.809515363979564,1237.0
/qinweb/alta_resolucion.html,3400,49,17,350,31.52697595946666,0.0,12.423268050277697,15.931870706664718,1313.2
/qinweb/guardar_resolucion.html,3400,50,17,382,32.786821175894275,0.0,12.057849305255095,15.43616665454971,1310.9
Total,27200,20,0,382,26.213663938311218,0.0,86.68714863021556,86.13498988716329,1017.4775735294118
