sampler_label,aggregate_report_count,average,aggregate_report_min,aggregate_report_max,aggregate_report_stddev,aggregate_report_error%,aggregate_report_rate,aggregate_report_bandwidth,average_bytes
/qinweb/,1200,3,1,756,23.983876470569882,0.0,4.906370103851501,3.6306659630795646,757.75
/qinweb/login.html,1200,13,8,54,5.1293791588803,0.0,4.912435831306953,4.050568793546697,844.3433333333334
/qinweb/home.html,1200,3,1,33,2.855869200241651,0.0,4.787475962881103,3.9475326296408597,844.3433333333334
/qinweb/consultar.html,1200,2,1,35,2.7346414552714013,0.0,4.759336231240283,3.853017320017768,829.0
/qinweb/iniciar_busqueda.html,1200,3,1,36,2.996520088183774,0.0,4.697316657859198,4.605572191885385,1004.0
/qinweb/buscar.html,1200,4,2,46,3.6830006448546815,0.0,4.596239510040868,5.552293236250541,1237.0
/qinweb/alta_resolucion.html,1200,34,23,142,11.619026511861193,0.0,4.48636705212037,5.757796464742763,1314.2
/qinweb/guardar_resolucion.html,1200,35,24,107,11.149182331752698,0.0,4.44090816571989,5.692081999518902,1312.5
Total,9600,12,1,756,17.12658044682736,0.0,31.877907613838996,31.687763470076273,1017.8920833333333
