sampler_label,aggregate_report_count,average,aggregate_report_min,aggregate_report_max,aggregate_report_stddev,aggregate_report_error%,aggregate_report_rate,aggregate_report_bandwidth,average_bytes
/qinweb/,3400,3,0,167,7.435467322768521,0.0,13.824510043099943,10.23000242691307,757.75
/qinweb/login.html,3400,22,8,173,16.673130114650615,0.0,13.528784478505148,11.15607131559471,844.4082352941176
/qinweb/home.html,3400,8,3,180,11.27981121694709,0.0,13.492117032210446,11.12583470073294,844.4082352941176
/qinweb/consultar.html,3400,8,2,150,11.329605547026386,0.0,13.36682903432523,10.821387958452751,829.0
/qinweb/iniciar_busqueda.html,3400,9,3,141,11.228350083081454,0.0,13.14380482223004,12.887089884295857,1004.0
/qinweb/buscar.html,3400,11,4,286,13.02313517656135,0.0,12.831399188602697,15.50043046513822,1237.0
/qinweb/alta_resolucion.html,3400,49,17,289,31.08680154187314,0.0,12.726456056295852,16.33311381756251,1314.2
/qinweb/guardar_resolucion.html,3400,51,18,351,32.09912565372402,0.0,12.857650680320987,16.477631824009013,1312.3
Total,27200,20,0,351,26.015090351229706,0.0,92.51795086344418,91.96531049849148,1017.8833088235294
